sample	Reference_Sequence	ARO_Term	ARO_Accession	Reference_Model_Type	Reference_DB	Reference_Allele_Source	Completely_Mapped_Reads	Mapped_Reads_with_Flanking_Sequence	Mapped_Reads	Percent_Coverage	Length_Coverage_bp	Reference_Length	KMA_Depth	AMR_Gene_Family	Drug_Class	Resistance_Mechanism
SRR6468562	ARO:3000206|ID:609|Name:emrK|NCBI:D78168.1	emrK	3000206	protein homolog model	CARD	CARD curation	2	0	2	18.28	193	1056	0.190000000000	major facilitator superfamily (MFS) antibiotic efflux pump	Tetracycline	antibiotic efflux
SRR6468562	ARO:3000498|ID:621|Name:ErmF|NCBI:M17124.1	ErmF	3000498	protein homolog model	CARD	CARD curation	9	0	9	63.30	507	801	1.010000000000	Erm-like 23S rRNA methyltransferase	MLS	antibiotic target alteration
SRR6468562	ARO:3003002|ID:174|Name:CfxA2|NCBI:AF118110.1	CfxA2	3003002	protein homolog model	CARD	CARD curation	7	0	7	45.65	441	966	0.560000000000	CfxA beta-lactamase	Beta-lactam	antibiotic inactivation
SRR6468562	ARO:3000518|ID:869|Name:CRP|NCBI:AP009048.1	CRP	3000518	protein homolog model	CARD	CARD curation	2	0	2	31.91	202	633	0.320000000000	resistance-nodulation-cell division (RND) antibiotic efflux pump; antibiotic efflux regulatory protein	Multidrug	antibiotic efflux
SRR6468562	ARO:3002878|ID:1336|Name:BcII|NCBI:M19530.1	BcII	3002878	protein homolog model	CARD	CARD curation	1	0	1	3.11	24	771	0.040000000000	subclass B1 Bacillus cereus Bc beta-lactamase	Beta-lactam	antibiotic inactivation
SRR6468562	ARO:3000191|ID:1183|Name:tet(Q)|NCBI:Z21523.1	tet(Q)	3000191	protein homolog model	CARD	CARD curation	58	0	58	54.10	1068	1974	0.930000000000	tetracycline-resistant ribosomal protection protein	Tetracycline	antibiotic target protection
SRR6468562	ARO:3004659|ID:3359|Name:Mef(En2)|NCBI:AF251288.1	Mef(En2)	3004659	protein homolog model	CARD	CARD curation	1	0	1	6.97	84	1206	0.070000000000	major facilitator superfamily (MFS) antibiotic efflux pump	MLS	antibiotic efflux
SRR6468562	ARO:3004683|ID:3382|Name:aadS|NCBI:M72415.1	aadS	3004683	protein homolog model	CARD	CARD curation	6	0	6	44.21	382	864	0.670000000000	ANT(6)	Aminoglycoside	antibiotic inactivation
SRR6468562	ARO:3000186|ID:1692|Name:tet(M)|NCBI:AB039845.1	tet(M)	3000186	protein homolog model	CARD	CARD curation	5	0	5	23.28	447	1920	0.210000000000	tetracycline-resistant ribosomal protection protein	Tetracycline	antibiotic target protection
SRR6468562	ARO:3004597|ID:3299|Name:Klebsiella_pneumoniae_KpnH|NCBI:ASTU01000063.1	Klebsiella pneumoniae KpnH	3004597	protein homolog model	CARD	CARD curation	1	0	1	5.59	86	1539	0.060000000000	major facilitator superfamily (MFS) antibiotic efflux pump	Multidrug	antibiotic efflux
SRR6468562	ARO:3005099|ID:3831|Name:23S_rRNA_(adenine(2058)-N(6))-methyltransferase_Erm(A)|NCBI:AF002716.1	23S rRNA (adenine(2058)-N(6))-methyltransferase Erm(A)	3005099	protein homolog model	CARD	CARD curation	4	0	4	55.19	404	732	0.550000000000	Erm-like 23S rRNA methyltransferase	MLS	antibiotic target alteration
SRR6468562	ARO:3004480|ID:2914|Name:Bifidobacterium_adolescentis_rpoB_mutants_conferring_resistance_to_rifampicin|NCBI:NC_008618.1	Bifidobacterium adolescentis rpoB mutants conferring resistance to rifampicin	3004480	protein homolog model	CARD	CARD curation	2	0	2	4.52	161	3561	0.050000000000	rifamycin-resistant beta-subunit of RNA polymerase (rpoB)	Rifamycin	antibiotic target alteration; antibiotic target replacement
SRR6468562	ARO:3005166|ID:3888|Name:tet(X1)|NCBI:AJ311171.1	tet(X1)	3005166	protein homolog model	CARD	CARD curation	4	0	4	11.85	128	1080	0.370000000000	tetracycline inactivation enzyme	Tetracycline	antibiotic inactivation
SRR6468562	ARO:3004719|ID:3401|Name:tet(X3)|NCBI:MK134375.1	tet(X3)	3004719	protein homolog model	CARD	CARD curation	4	0	4	11.65	136	1167	0.350000000000	tetracycline inactivation enzyme	Multidrug	antibiotic inactivation
SRR6468562	ARO:3008394|ID:7812|Name:MUN-1|NCBI:PP229523.1	MUN-1	3008394	protein homolog model	CARD	CARD curation	2	0	2	15.95	145	909	0.220000000000	MUN beta-lactamase	Beta-lactam	antibiotic inactivation
