sample	Reference_Sequence	ARO_Term	ARO_Accession	KMA_Depth	cell_equivalent_coverage	ARG_copies_per_cell	Mapped_Reads	Percent_Coverage	AMR_Gene_Family	Drug_Class	Resistance_Mechanism
SRR6468562	ARO:3000206|ID:609|Name:emrK|NCBI:D78168.1	emrK	3000206	0.190000000000	5.455958682164	0.034824310642	2	18.28	major facilitator superfamily (MFS) antibiotic efflux pump	Tetracycline	antibiotic efflux
SRR6468562	ARO:3000498|ID:621|Name:ErmF|NCBI:M17124.1	ErmF	3000498	1.010000000000	5.455958682164	0.185118703941	9	63.30	Erm-like 23S rRNA methyltransferase	MLS	antibiotic target alteration
SRR6468562	ARO:3003002|ID:174|Name:CfxA2|NCBI:AF118110.1	CfxA2	3003002	0.560000000000	5.455958682164	0.102640073472	7	45.65	CfxA beta-lactamase	Beta-lactam	antibiotic inactivation
SRR6468562	ARO:3000518|ID:869|Name:CRP|NCBI:AP009048.1	CRP	3000518	0.320000000000	5.455958682164	0.058651470556	2	31.91	resistance-nodulation-cell division (RND) antibiotic efflux pump; antibiotic efflux regulatory protein	Multidrug	antibiotic efflux
SRR6468562	ARO:3002878|ID:1336|Name:BcII|NCBI:M19530.1	BcII	3002878	0.040000000000	5.455958682164	0.007331433819	1	3.11	subclass B1 Bacillus cereus Bc beta-lactamase	Beta-lactam	antibiotic inactivation
SRR6468562	ARO:3000191|ID:1183|Name:tet(Q)|NCBI:Z21523.1	tet(Q)	3000191	0.930000000000	5.455958682164	0.170455836302	58	54.10	tetracycline-resistant ribosomal protection protein	Tetracycline	antibiotic target protection
SRR6468562	ARO:3004659|ID:3359|Name:Mef(En2)|NCBI:AF251288.1	Mef(En2)	3004659	0.070000000000	5.455958682164	0.012830009184	1	6.97	major facilitator superfamily (MFS) antibiotic efflux pump	MLS	antibiotic efflux
SRR6468562	ARO:3004683|ID:3382|Name:aadS|NCBI:M72415.1	aadS	3004683	0.670000000000	5.455958682164	0.122801516476	6	44.21	ANT(6)	Aminoglycoside	antibiotic inactivation
SRR6468562	ARO:3000186|ID:1692|Name:tet(M)|NCBI:AB039845.1	tet(M)	3000186	0.210000000000	5.455958682164	0.038490027552	5	23.28	tetracycline-resistant ribosomal protection protein	Tetracycline	antibiotic target protection
SRR6468562	ARO:3004597|ID:3299|Name:Klebsiella_pneumoniae_KpnH|NCBI:ASTU01000063.1	Klebsiella pneumoniae KpnH	3004597	0.060000000000	5.455958682164	0.010997150729	1	5.59	major facilitator superfamily (MFS) antibiotic efflux pump	Multidrug	antibiotic efflux
SRR6468562	ARO:3005099|ID:3831|Name:23S_rRNA_(adenine(2058)-N(6))-methyltransferase_Erm(A)|NCBI:AF002716.1	23S rRNA (adenine(2058)-N(6))-methyltransferase Erm(A)	3005099	0.550000000000	5.455958682164	0.100807215018	4	55.19	Erm-like 23S rRNA methyltransferase	MLS	antibiotic target alteration
SRR6468562	ARO:3004480|ID:2914|Name:Bifidobacterium_adolescentis_rpoB_mutants_conferring_resistance_to_rifampicin|NCBI:NC_008618.1	Bifidobacterium adolescentis rpoB mutants conferring resistance to rifampicin	3004480	0.050000000000	5.455958682164	0.009164292274	2	4.52	rifamycin-resistant beta-subunit of RNA polymerase (rpoB)	Rifamycin	antibiotic target alteration; antibiotic target replacement
SRR6468562	ARO:3005166|ID:3888|Name:tet(X1)|NCBI:AJ311171.1	tet(X1)	3005166	0.370000000000	5.455958682164	0.067815762830	4	11.85	tetracycline inactivation enzyme	Tetracycline	antibiotic inactivation
SRR6468562	ARO:3004719|ID:3401|Name:tet(X3)|NCBI:MK134375.1	tet(X3)	3004719	0.350000000000	5.455958682164	0.064150045920	4	11.65	tetracycline inactivation enzyme	Multidrug	antibiotic inactivation
SRR6468562	ARO:3008394|ID:7812|Name:MUN-1|NCBI:PP229523.1	MUN-1	3008394	0.220000000000	5.455958682164	0.040322886007	2	15.95	MUN beta-lactamase	Beta-lactam	antibiotic inactivation
